{
    "H": [
        1,
        1.00797
    ],
    "He": [
        2,
        4.0026
    ],
    "Li": [
        3,
        6.941
    ],
    "Be": [
        4,
        9.01218
    ],
    "B": [
        5,
        10.81
    ],
    "C": [
        6,
        12.011
    ],
    "N": [
        7,
        14.0067
    ],
    "O": [
        8,
        15.9994
    ],
    "F": [
        9,
        18.998403
    ],
    "Ne": [
        10,
        20.179
    ],
    "Na": [
        11,
        22.98977
    ],
    "Mg": [
        12,
        24.305
    ],
    "Al": [
        13,
        26.98154
    ],
    "Si": [
        14,
        28.0855
    ],
    "P": [
        15,
        30.97376
    ],
    "S": [
        16,
        32.06
    ],
    "Cl": [
        17,
        35.453
    ],
    "K": [
        18,
        39.0983
    ],
    "Ar": [
        19,
        39.948
    ],
    "Ca": [
        20,
        40.08
    ],
    "Sc": [
        21,
        44.9559
    ],
    "Ti": [
        22,
        47.9
    ],
    "V": [
        23,
        50.9415
    ],
    "Cr": [
        24,
        51.996
    ],
    "Mn": [
        25,
        54.938
    ],
    "Fe": [
        26,
        55.847
    ],
    "Ni": [
        27,
        58.7
    ],
    "Co": [
        28,
        58.9332
    ],
    "Cu": [
        29,
        63.546
    ],
    "Zn": [
        30,
        65.38
    ],
    "Ga": [
        31,
        69.72
    ],
    "Ge": [
        32,
        72.59
    ],
    "As": [
        33,
        74.9216
    ],
    "Se": [
        34,
        78.96
    ],
    "Br": [
        35,
        79.904
    ],
    "Kr": [
        36,
        83.8
    ],
    "Rb": [
        37,
        85.4678
    ],
    "Sr": [
        38,
        87.62
    ],
    "Y": [
        39,
        88.9059
    ],
    "Zr": [
        40,
        91.22
    ],
    "Nb": [
        41,
        92.9064
    ],
    "Mo": [
        42,
        95.94
    ],
    "Tc": [
        43,
        -98.0
    ],
    "Ru": [
        44,
        101.07
    ],
    "Rh": [
        45,
        102.9055
    ],
    "Pd": [
        46,
        106.4
    ],
    "Ag": [
        47,
        107.868
    ],
    "Cd": [
        48,
        112.41
    ],
    "In": [
        49,
        114.82
    ],
    "Sn": [
        50,
        118.69
    ],
    "Sb": [
        51,
        121.75
    ],
    "I": [
        52,
        126.9045
    ],
    "Te": [
        53,
        127.6
    ],
    "Xe": [
        54,
        131.3
    ],
    "Cs": [
        55,
        132.9054
    ],
    "Ba": [
        56,
        137.33
    ],
    "La": [
        57,
        138.9055
    ],
    "Ce": [
        58,
        140.12
    ],
    "Pr": [
        59,
        140.9077
    ],
    "Nd": [
        60,
        144.24
    ],
    "Pm": [
        61,
        -145.0
    ],
    "Sm": [
        62,
        150.4
    ],
    "Eu": [
        63,
        151.96
    ],
    "Gd": [
        64,
        157.25
    ],
    "Tb": [
        65,
        158.9254
    ],
    "Dy": [
        66,
        162.5
    ],
    "Ho": [
        67,
        164.9304
    ],
    "Er": [
        68,
        167.26
    ],
    "Tm": [
        69,
        168.9342
    ],
    "Yb": [
        70,
        173.04
    ],
    "Lu": [
        71,
        174.967
    ],
    "Hf": [
        72,
        178.49
    ],
    "Ta": [
        73,
        180.9479
    ],
    "W": [
        74,
        183.85
    ],
    "Re": [
        75,
        186.207
    ],
    "Os": [
        76,
        190.2
    ],
    "Ir": [
        77,
        192.22
    ],
    "Pt": [
        78,
        195.09
    ],
    "Au": [
        79,
        196.9665
    ],
    "Hg": [
        80,
        200.59
    ],
    "Tl": [
        81,
        204.37
    ],
    "Pb": [
        82,
        207.2
    ],
    "Bi": [
        83,
        208.9804
    ],
    "Po": [
        84,
        -209.0
    ],
    "At": [
        85,
        -210.0
    ],
    "Rn": [
        86,
        -222.0
    ],
    "Fr": [
        87,
        -223.0
    ],
    "Ra": [
        88,
        226.0254
    ],
    "Ac": [
        89,
        227.0278
    ],
    "Pa": [
        90,
        231.0359
    ],
    "Th": [
        91,
        232.0381
    ],
    "Np": [
        92,
        237.0482
    ],
    "U": [
        93,
        238.029
    ]
}