{
    "H": {
        "N": 1,
        "M": 1.00797
    },
    "He": {
        "N": 2,
        "M": 4.0026
    },
    "Li": {
        "N": 3,
        "M": 6.941
    },
    "Be": {
        "N": 4,
        "M": 9.01218
    },
    "B": {
        "N": 5,
        "M": 10.81
    },
    "C": {
        "N": 6,
        "M": 12.011
    },
    "N": {
        "N": 7,
        "M": 14.0067
    },
    "O": {
        "N": 8,
        "M": 15.9994
    },
    "F": {
        "N": 9,
        "M": 18.998403
    },
    "Ne": {
        "N": 10,
        "M": 20.179
    },
    "Na": {
        "N": 11,
        "M": 22.98977
    },
    "Mg": {
        "N": 12,
        "M": 24.305
    },
    "Al": {
        "N": 13,
        "M": 26.98154
    },
    "Si": {
        "N": 14,
        "M": 28.0855
    },
    "P": {
        "N": 15,
        "M": 30.97376
    },
    "S": {
        "N": 16,
        "M": 32.06
    },
    "Cl": {
        "N": 17,
        "M": 35.453
    },
    "K": {
        "N": 18,
        "M": 39.0983
    },
    "Ar": {
        "N": 19,
        "M": 39.948
    },
    "Ca": {
        "N": 20,
        "M": 40.08
    },
    "Sc": {
        "N": 21,
        "M": 44.9559
    },
    "Ti": {
        "N": 22,
        "M": 47.9
    },
    "V": {
        "N": 23,
        "M": 50.9415
    },
    "Cr": {
        "N": 24,
        "M": 51.996
    },
    "Mn": {
        "N": 25,
        "M": 54.938
    },
    "Fe": {
        "N": 26,
        "M": 55.847
    },
    "Ni": {
        "N": 27,
        "M": 58.7
    },
    "Co": {
        "N": 28,
        "M": 58.9332
    },
    "Cu": {
        "N": 29,
        "M": 63.546
    },
    "Zn": {
        "N": 30,
        "M": 65.38
    },
    "Ga": {
        "N": 31,
        "M": 69.72
    },
    "Ge": {
        "N": 32,
        "M": 72.59
    },
    "As": {
        "N": 33,
        "M": 74.9216
    },
    "Se": {
        "N": 34,
        "M": 78.96
    },
    "Br": {
        "N": 35,
        "M": 79.904
    },
    "Kr": {
        "N": 36,
        "M": 83.8
    },
    "Rb": {
        "N": 37,
        "M": 85.4678
    },
    "Sr": {
        "N": 38,
        "M": 87.62
    },
    "Y": {
        "N": 39,
        "M": 88.9059
    },
    "Zr": {
        "N": 40,
        "M": 91.22
    },
    "Nb": {
        "N": 41,
        "M": 92.9064
    },
    "Mo": {
        "N": 42,
        "M": 95.94
    },
    "Tc": {
        "N": 43,
        "M": -98.0
    },
    "Ru": {
        "N": 44,
        "M": 101.07
    },
    "Rh": {
        "N": 45,
        "M": 102.9055
    },
    "Pd": {
        "N": 46,
        "M": 106.4
    },
    "Ag": {
        "N": 47,
        "M": 107.868
    },
    "Cd": {
        "N": 48,
        "M": 112.41
    },
    "In": {
        "N": 49,
        "M": 114.82
    },
    "Sn": {
        "N": 50,
        "M": 118.69
    },
    "Sb": {
        "N": 51,
        "M": 121.75
    },
    "I": {
        "N": 52,
        "M": 126.9045
    },
    "Te": {
        "N": 53,
        "M": 127.6
    },
    "Xe": {
        "N": 54,
        "M": 131.3
    },
    "Cs": {
        "N": 55,
        "M": 132.9054
    },
    "Ba": {
        "N": 56,
        "M": 137.33
    },
    "La": {
        "N": 57,
        "M": 138.9055
    },
    "Ce": {
        "N": 58,
        "M": 140.12
    },
    "Pr": {
        "N": 59,
        "M": 140.9077
    },
    "Nd": {
        "N": 60,
        "M": 144.24
    },
    "Pm": {
        "N": 61,
        "M": -145.0
    },
    "Sm": {
        "N": 62,
        "M": 150.4
    },
    "Eu": {
        "N": 63,
        "M": 151.96
    },
    "Gd": {
        "N": 64,
        "M": 157.25
    },
    "Tb": {
        "N": 65,
        "M": 158.9254
    },
    "Dy": {
        "N": 66,
        "M": 162.5
    },
    "Ho": {
        "N": 67,
        "M": 164.9304
    },
    "Er": {
        "N": 68,
        "M": 167.26
    },
    "Tm": {
        "N": 69,
        "M": 168.9342
    },
    "Yb": {
        "N": 70,
        "M": 173.04
    },
    "Lu": {
        "N": 71,
        "M": 174.967
    },
    "Hf": {
        "N": 72,
        "M": 178.49
    },
    "Ta": {
        "N": 73,
        "M": 180.9479
    },
    "W": {
        "N": 74,
        "M": 183.85
    },
    "Re": {
        "N": 75,
        "M": 186.207
    },
    "Os": {
        "N": 76,
        "M": 190.2
    },
    "Ir": {
        "N": 77,
        "M": 192.22
    },
    "Pt": {
        "N": 78,
        "M": 195.09
    },
    "Au": {
        "N": 79,
        "M": 196.9665
    },
    "Hg": {
        "N": 80,
        "M": 200.59
    },
    "Tl": {
        "N": 81,
        "M": 204.37
    },
    "Pb": {
        "N": 82,
        "M": 207.2
    },
    "Bi": {
        "N": 83,
        "M": 208.9804
    },
    "Po": {
        "N": 84,
        "M": -209.0
    },
    "At": {
        "N": 85,
        "M": -210.0
    },
    "Rn": {
        "N": 86,
        "M": -222.0
    },
    "Fr": {
        "N": 87,
        "M": -223.0
    },
    "Ra": {
        "N": 88,
        "M": 226.0254
    },
    "Ac": {
        "N": 89,
        "M": 227.0278
    },
    "Pa": {
        "N": 90,
        "M": 231.0359
    },
    "Th": {
        "N": 91,
        "M": 232.0381
    },
    "Np": {
        "N": 92,
        "M": 237.0482
    },
    "U": {
        "N": 93,
        "M": 238.029
    }
}